Name,Age,Gender,Qualification,Academics (%),State,Category,Location Preference,Skills,Preferred Sectors
Ananya Iyer,22,Female,B.Tech CSE,89,Tamil Nadu,OBC,Home State,"Python, SQL, Data Analysis, Machine Learning","Information Technology, Finance & Banking"
Dev Patel,23,Male,B.E Civil,76,Gujarat,General,Anywhere,"AutoCAD, Civil Drafting","Engineering & Manufacturing"
Riya Shah,21,Female,B.Com,81,Maharashtra,SC,Home State,"Excel, Financial Modeling, Accounting","Finance & Banking"
Arjun Nair,24,Male,B.Sc Nursing,78,Kerala,ST,Home State,"Patient Care, Communication","Healthcare"
Kavya Reddy,22,Female,B.Sc Agriculture,83,Telangana,OBC,Anywhere,"Crop Science, GIS Mapping","Agriculture & Rural Development, Information Technology"
Mohammed Ali,23,Male,B.Tech Electrical,86,Rajasthan,General,Home State,"Solar Design, Power Systems","Renewable Energy, Engineering & Manufacturing"
Sneha Bose,21,Female,Graduate,70,West Bengal,EWS,Home State,"Content Creation, Communication","Education"
Rajesh Kumar,25,Male,M.Sc Economics,74,Madhya Pradesh,SC,Anywhere,"Policy Research, Excel, Communication","Public Administration, Finance & Banking"
Priya Singh,22,Female,B.Com,77,Uttar Pradesh,OBC,Home State,"Excel, Accounting","Finance & Banking"
Karan Mehta,20,Male,B.Tech Mechanical,90,Gujarat,General,Anywhere,"AutoCAD, Python, Excel","Engineering & Manufacturing, Information Technology"
Lakshmi Menon,23,Female,B.Pharm,79,Kerala,ST,Anywhere,"Patient Care, Biomedical, Communication","Healthcare"
Vikram Yadav,24,Male,B.Tech CSE,66,Telangana,General,Anywhere,"Java, SQL","Information Technology"
Divya Das,22,Female,B.Sc Agriculture,85,Odisha,EWS,Anywhere,"Crop Science, GIS Mapping, Data Analysis","Agriculture & Rural Development"
Aditya Kulkarni,21,Male,B.Tech CSE,88,Karnataka,General,Home State,"Python, Data Analysis, Machine Learning, SQL","Information Technology"
Rohini Devi,23,Female,Graduate,69,Rajasthan,OBC,Home State,"Teaching, Communication","Education"
Suresh Yadav,16,Male,B.Com,72,Delhi,General,Anywhere,"Excel, Accounting","Finance & Banking"
Bad Age Row,35,Male,B.Com,80,Maharashtra,General,Anywhere,"Excel","Finance & Banking"
No Skills Row,24,Female,B.Com,75,Delhi,General,Home State,,"Finance & Banking"
Unknown State Row,23,Male,Graduate,70,Punjab,General,Anywhere,"Excel","Finance & Banking"
